Date,Open,High,Low,Close,Change(Pips),Change(%)
11/23/2022 00:00,0.66488,0.66601,0.66417,0.66419,-6.9,-0.10,
11/22/2022 23:00,0.66445,0.66511,0.66424,0.66492,4.7,0.07,
11/22/2022 22:00,0.6646,0.66469,0.66356,0.66448,-1.2,-0.02,
11/22/2022 21:00,0.6646,0.66496,0.66441,0.66477,1.7,0.03,
11/22/2022 20:00,0.66426,0.66487,0.66414,0.66457,3.1,0.05,
11/22/2022 19:00,0.66456,0.66459,0.6638,0.66427,-2.9,-0.04,
11/22/2022 18:00,0.66381,0.66482,0.66346,0.66454,7.3,0.11,
11/22/2022 17:00,0.6634,0.66392,0.66283,0.66387,4.7,0.07,
11/22/2022 16:00,0.66359,0.66379,0.66241,0.66337,-2.2,-0.03,
11/22/2022 15:00,0.66243,0.66411,0.66243,0.6636,11.7,0.18,
11/22/2022 14:00,0.66329,0.66354,0.66193,0.66249,-8.0,-0.12,
11/22/2022 13:00,0.66407,0.66464,0.66303,0.66329,-7.8,-0.12,
11/22/2022 12:00,0.66414,0.6647,0.66354,0.6641,-0.4,-0.01,
11/22/2022 11:00,0.6646,0.66517,0.66371,0.66416,-4.4,-0.07,
11/22/2022 10:00,0.66417,0.66479,0.66379,0.66455,3.8,0.06,
11/22/2022 09:00,0.66281,0.66495,0.66247,0.66423,14.2,0.21,
11/22/2022 08:00,0.66183,0.66363,0.66113,0.66276,9.3,0.14,
11/22/2022 07:00,0.66069,0.66233,0.66044,0.66185,11.6,0.18,
11/22/2022 06:00,0.66091,0.66161,0.66047,0.66066,-2.5,-0.04,
11/22/2022 05:00,0.66235,0.66237,0.66054,0.66091,-14.4,-0.22,
11/22/2022 04:00,0.66145,0.66248,0.66116,0.66235,9.0,0.14,
11/22/2022 03:00,0.66178,0.66242,0.66135,0.66141,-3.7,-0.06,
11/22/2022 02:00,0.66181,0.66216,0.66089,0.6618,-0.1,0.00,
11/22/2022 01:00,0.66152,0.66251,0.66121,0.66182,3.0,0.05,
11/22/2022 00:00,0.66077,0.66191,0.66051,0.6615,7.3,0.11,
11/21/2022 23:00,0.66044,0.66088,0.6603,0.66078,3.4,0.05,
11/21/2022 22:00,0.65929,0.66083,0.65929,0.66041,11.2,0.17,
11/21/2022 21:00,0.66038,0.66056,0.66006,0.66053,1.5,0.02,
11/21/2022 20:00,0.65981,0.66065,0.65952,0.66037,5.6,0.08,
11/21/2022 19:00,0.65982,0.66052,0.65982,0.65983,0.1,0.00,
11/21/2022 18:00,0.65935,0.66058,0.65916,0.65978,4.3,0.07,
11/21/2022 17:00,0.65889,0.65987,0.65855,0.65941,5.2,0.08,
11/21/2022 16:00,0.65912,0.65967,0.65848,0.65887,-2.5,-0.04,
11/21/2022 15:00,0.66207,0.66244,0.65888,0.65913,-29.4,-0.45,
11/21/2022 14:00,0.66165,0.6627,0.66098,0.66205,4.0,0.06,
11/21/2022 13:00,0.6622,0.66276,0.66148,0.66164,-5.6,-0.08,
11/21/2022 12:00,0.6618,0.66258,0.66126,0.66219,3.9,0.06,
11/21/2022 11:00,0.6622,0.66258,0.66151,0.66181,-3.9,-0.06,
11/21/2022 10:00,0.66098,0.66223,0.66085,0.66219,12.1,0.18,
11/21/2022 09:00,0.66303,0.66337,0.66051,0.66097,-20.6,-0.31,
11/21/2022 08:00,0.66363,0.66459,0.66232,0.66303,-6.0,-0.09,
11/21/2022 07:00,0.66391,0.66462,0.66333,0.66359,-3.2,-0.05,
11/21/2022 06:00,0.6648,0.66529,0.66383,0.66391,-8.9,-0.13,
11/21/2022 05:00,0.66432,0.66492,0.6637,0.66478,4.6,0.07,
11/21/2022 04:00,0.66568,0.66588,0.66418,0.66436,-13.2,-0.20,
11/21/2022 03:00,0.66391,0.66572,0.66379,0.66569,17.8,0.27,
11/21/2022 02:00,0.66531,0.66532,0.66369,0.66391,-14.0,-0.21,
11/21/2022 01:00,0.66619,0.667,0.6651,0.66531,-8.8,-0.13,
11/21/2022 00:00,0.66833,0.66835,0.66563,0.66618,-21.5,-0.32,
11/20/2022 23:00,0.66717,0.66832,0.66715,0.66832,11.5,0.17,
11/20/2022 22:00,0.66586,0.66721,0.66584,0.6672,13.4,0.20,
11/18/2022 21:00,0.66697,0.66747,0.66685,0.66687,-1.0,-0.01,
11/18/2022 20:00,0.66755,0.66782,0.66687,0.66703,-5.2,-0.08,
11/18/2022 19:00,0.66715,0.66752,0.66675,0.6675,3.5,0.05,
11/18/2022 18:00,0.66709,0.66766,0.66685,0.66718,0.9,0.01,
11/18/2022 17:00,0.668,0.66813,0.66632,0.66707,-9.3,-0.14,
11/18/2022 16:00,0.6692,0.66938,0.66753,0.66802,-11.8,-0.18,
11/18/2022 15:00,0.6674,0.6696,0.66612,0.66921,18.1,0.27,
11/18/2022 14:00,0.66968,0.66995,0.66685,0.66739,-22.9,-0.34,
11/18/2022 13:00,0.67137,0.67302,0.66961,0.66967,-17.0,-0.25,
11/18/2022 12:00,0.67098,0.67276,0.67096,0.67139,4.1,0.06,
11/18/2022 11:00,0.6722,0.67249,0.67093,0.67097,-12.3,-0.18,
11/18/2022 10:00,0.67125,0.67269,0.67074,0.67218,9.3,0.14,
11/18/2022 09:00,0.67034,0.67247,0.66958,0.67124,9.0,0.13,
11/18/2022 08:00,0.67126,0.67155,0.66927,0.67036,-9.0,-0.13,
11/18/2022 07:00,0.67062,0.67179,0.66958,0.67129,6.7,0.10,
11/18/2022 06:00,0.67105,0.67114,0.66947,0.67063,-4.2,-0.06,
11/18/2022 05:00,0.67021,0.67105,0.67011,0.67105,8.4,0.13,
11/18/2022 04:00,0.67147,0.67149,0.66997,0.67024,-12.3,-0.18,
11/18/2022 03:00,0.67053,0.67249,0.67012,0.67145,9.2,0.14,
11/18/2022 02:00,0.66997,0.67137,0.66996,0.67055,5.8,0.09,
11/18/2022 01:00,0.66979,0.67062,0.66906,0.66996,1.7,0.03,
11/18/2022 00:00,0.66874,0.66995,0.66844,0.66984,11.0,0.16,
11/17/2022 23:00,0.66847,0.66921,0.66841,0.66872,2.5,0.04,
11/17/2022 22:00,0.66756,0.66883,0.66677,0.66848,9.2,0.14,
11/17/2022 21:00,0.66897,0.66945,0.66889,0.66903,0.6,0.01,
11/17/2022 20:00,0.66845,0.66905,0.66773,0.66896,5.1,0.08,
11/17/2022 19:00,0.66889,0.66945,0.66796,0.66851,-3.8,-0.06,
11/17/2022 18:00,0.66806,0.66965,0.66799,0.66888,8.2,0.12,
11/17/2022 17:00,0.66649,0.66836,0.66641,0.66808,15.9,0.24,
11/17/2022 16:00,0.66507,0.66671,0.66435,0.66645,13.8,0.21,
11/17/2022 15:00,0.6649,0.667,0.66405,0.66506,1.6,0.02,
11/17/2022 14:00,0.66383,0.66659,0.66342,0.66492,10.9,0.16,
11/17/2022 13:00,0.66521,0.66686,0.66359,0.66385,-13.6,-0.20,
11/17/2022 12:00,0.66796,0.6685,0.66441,0.66512,-28.4,-0.43,
11/17/2022 11:00,0.66723,0.66841,0.6664,0.66798,7.5,0.11,
11/17/2022 10:00,0.66959,0.66999,0.66662,0.66722,-23.7,-0.36,
11/17/2022 09:00,0.67181,0.67197,0.66886,0.66962,-21.9,-0.33,
11/17/2022 08:00,0.67394,0.67511,0.67161,0.6718,-21.4,-0.32,
11/17/2022 07:00,0.6732,0.6743,0.67216,0.67391,7.1,0.11,
11/17/2022 06:00,0.67172,0.67329,0.67167,0.67323,15.1,0.22,
11/17/2022 05:00,0.67068,0.67208,0.67027,0.6717,10.2,0.15,
11/17/2022 04:00,0.67106,0.67173,0.67063,0.6707,-3.6,-0.05,
11/17/2022 03:00,0.67156,0.6716,0.66972,0.67105,-5.1,-0.08,
11/17/2022 02:00,0.67279,0.67311,0.67108,0.67155,-12.4,-0.18,
11/17/2022 01:00,0.67364,0.67449,0.67241,0.67283,-8.1,-0.12,
11/17/2022 00:00,0.67388,0.67479,0.67338,0.6736,-2.8,-0.04,
11/16/2022 23:00,0.6736,0.67436,0.67355,0.67386,2.6,0.04,
11/16/2022 22:00,0.67384,0.6743,0.67244,0.67359,-2.5,-0.04,
11/16/2022 21:00,0.67427,0.67437,0.67372,0.67403,-2.4,-0.04,
11/16/2022 20:00,0.67397,0.67464,0.6731,0.67431,3.4,0.05,
11/16/2022 19:00,0.67234,0.67407,0.67225,0.67397,16.3,0.24,
11/16/2022 18:00,0.67362,0.67404,0.67195,0.67235,-12.7,-0.19,
11/16/2022 17:00,0.6732,0.67421,0.67206,0.67359,3.9,0.06,
11/16/2022 16:00,0.6753,0.67576,0.67309,0.67321,-20.9,-0.31,
11/16/2022 15:00,0.67532,0.67661,0.67407,0.67527,-0.5,-0.01,
11/16/2022 14:00,0.6757,0.67739,0.67472,0.67536,-3.4,-0.05,
11/16/2022 13:00,0.67696,0.67776,0.67493,0.67566,-13.0,-0.19,
11/16/2022 12:00,0.67697,0.67752,0.67622,0.67696,-0.1,0.00,
11/16/2022 11:00,0.67815,0.6783,0.67663,0.67696,-11.9,-0.18,
11/16/2022 10:00,0.67808,0.67926,0.6777,0.67815,0.7,0.01,
11/16/2022 09:00,0.67651,0.67846,0.67637,0.67813,16.2,0.24,
11/16/2022 08:00,0.67789,0.67842,0.67559,0.67649,-14.0,-0.21,
11/16/2022 07:00,0.67682,0.67857,0.67543,0.67787,10.5,0.15,
11/16/2022 06:00,0.6767,0.67748,0.67596,0.67683,1.3,0.02,
11/16/2022 05:00,0.67432,0.67695,0.67385,0.6767,23.8,0.35,
11/16/2022 04:00,0.67445,0.67493,0.67304,0.67434,-1.1,-0.02,
11/16/2022 03:00,0.67583,0.67596,0.67426,0.67441,-14.2,-0.21,
11/16/2022 02:00,0.67401,0.6766,0.67395,0.67584,18.3,0.27,
11/16/2022 01:00,0.67406,0.67511,0.67318,0.67405,-0.1,0.00,
11/16/2022 00:00,0.67692,0.67712,0.67377,0.67405,-28.7,-0.43,
11/15/2022 23:00,0.67578,0.67716,0.67523,0.67693,11.5,0.17,
11/15/2022 22:00,0.67563,0.67586,0.67435,0.67581,1.8,0.03,
11/15/2022 21:00,0.67646,0.67705,0.67554,0.67562,-8.4,-0.12,
11/15/2022 20:00,0.67722,0.67782,0.67625,0.67647,-7.5,-0.11,
11/15/2022 19:00,0.67448,0.67741,0.67344,0.67721,27.3,0.40,
11/15/2022 18:00,0.67812,0.67821,0.67381,0.67448,-36.4,-0.54,
11/15/2022 17:00,0.67775,0.67808,0.67626,0.67807,3.2,0.05,
11/15/2022 16:00,0.6774,0.67893,0.67701,0.67775,3.5,0.05,
11/15/2022 15:00,0.67265,0.6777,0.67154,0.67742,47.7,0.70,
11/15/2022 14:00,0.67551,0.67629,0.67045,0.67258,-29.3,-0.44,
11/15/2022 13:00,0.67477,0.67978,0.67344,0.67556,7.9,0.12,
11/15/2022 12:00,0.67479,0.67514,0.67375,0.67476,-0.3,0.00,
11/15/2022 11:00,0.67648,0.67679,0.67414,0.67479,-16.9,-0.25,
11/15/2022 10:00,0.67635,0.67689,0.67541,0.67644,0.9,0.01,
11/15/2022 09:00,0.67447,0.67647,0.67387,0.67634,18.7,0.28,
11/15/2022 08:00,0.67612,0.67613,0.67417,0.67445,-16.7,-0.25,
11/15/2022 07:00,0.67187,0.67634,0.67183,0.67614,42.7,0.63,
11/15/2022 06:00,0.67069,0.67229,0.67051,0.67184,11.5,0.17,
11/15/2022 05:00,0.66953,0.67092,0.66941,0.67071,11.8,0.18,
11/15/2022 04:00,0.67018,0.67047,0.66934,0.66954,-6.4,-0.10,
11/15/2022 03:00,0.67007,0.67108,0.66981,0.67021,1.4,0.02,
11/15/2022 02:00,0.66913,0.67036,0.66869,0.67007,9.4,0.14,
11/15/2022 01:00,0.66901,0.67032,0.66853,0.6691,0.9,0.01,
11/15/2022 00:00,0.66923,0.66983,0.66865,0.66899,-2.4,-0.04,
11/14/2022 23:00,0.6699,0.67012,0.66901,0.66922,-6.8,-0.10,
11/14/2022 22:00,0.66967,0.67015,0.66967,0.66994,2.7,0.04,
11/14/2022 21:00,0.67002,0.67048,0.66993,0.66999,-0.3,0.00,
11/14/2022 20:00,0.67198,0.67239,0.66994,0.67004,-19.4,-0.29,
11/14/2022 19:00,0.67201,0.67218,0.67124,0.67198,-0.3,0.00,
11/14/2022 18:00,0.67059,0.67204,0.67037,0.67196,13.7,0.20,
11/14/2022 17:00,0.66947,0.67094,0.66924,0.67061,11.4,0.17,
11/14/2022 16:00,0.67094,0.67161,0.66916,0.66943,-15.1,-0.23,
11/14/2022 15:00,0.66923,0.67162,0.66917,0.67093,17.0,0.25,
11/14/2022 14:00,0.66932,0.67001,0.66758,0.66926,-0.6,-0.01,
11/14/2022 13:00,0.66938,0.66984,0.66807,0.6693,-0.8,-0.01,
11/14/2022 12:00,0.66749,0.66943,0.66663,0.66934,18.5,0.28,
11/14/2022 11:00,0.66727,0.66757,0.66641,0.66755,2.8,0.04,
11/14/2022 10:00,0.66797,0.66841,0.66655,0.66726,-7.1,-0.11,
11/14/2022 09:00,0.67041,0.67041,0.66788,0.66796,-24.5,-0.37,
11/14/2022 08:00,0.66957,0.67111,0.6687,0.67044,8.7,0.13,
11/14/2022 07:00,0.66839,0.66959,0.66793,0.66954,11.5,0.17,
11/14/2022 06:00,0.6666,0.66859,0.66634,0.66838,17.8,0.27,
11/14/2022 05:00,0.66818,0.66823,0.6664,0.66652,-16.6,-0.25,
11/14/2022 04:00,0.66926,0.6694,0.66721,0.66822,-10.4,-0.16,
11/14/2022 03:00,0.66889,0.66987,0.66855,0.66923,3.4,0.05,
11/14/2022 02:00,0.66873,0.66919,0.66767,0.66886,1.3,0.02,
11/14/2022 01:00,0.66964,0.67102,0.66844,0.66868,-9.6,-0.14,
11/14/2022 00:00,0.66944,0.67034,0.66901,0.66958,1.4,0.02,
11/13/2022 23:00,0.66705,0.66998,0.66705,0.66949,24.4,0.36,
11/13/2022 22:00,0.67008,0.6704,0.66617,0.66707,-30.1,-0.45,
11/11/2022 21:00,0.67084,0.67112,0.67058,0.67066,-1.8,-0.03,
11/11/2022 20:00,0.67145,0.67145,0.6702,0.67083,-6.2,-0.09,
11/11/2022 19:00,0.6709,0.67169,0.6705,0.67148,5.8,0.09,
11/11/2022 18:00,0.66992,0.67143,0.66979,0.67089,9.7,0.14,
11/11/2022 17:00,0.66926,0.67024,0.66861,0.66993,6.7,0.10,
11/11/2022 16:00,0.66984,0.67035,0.66825,0.66928,-5.6,-0.08,
11/11/2022 15:00,0.66647,0.66993,0.66613,0.66986,33.9,0.51,
11/11/2022 14:00,0.66874,0.66937,0.66511,0.66753,-12.1,-0.18,
11/11/2022 13:00,0.66653,0.66893,0.66628,0.66877,22.4,0.33,
11/11/2022 12:00,0.66696,0.66725,0.66523,0.66646,-5.0,-0.08,
11/11/2022 11:00,0.66657,0.66788,0.6661,0.66693,3.6,0.05,
11/11/2022 10:00,0.66651,0.66751,0.66595,0.6666,0.9,0.01,
11/11/2022 09:00,0.66742,0.66764,0.6648,0.66648,-9.4,-0.14,
11/11/2022 08:00,0.66549,0.66781,0.66332,0.66747,19.8,0.30,
11/11/2022 07:00,0.66415,0.66613,0.66301,0.6655,13.5,0.20,
11/11/2022 06:00,0.66471,0.66617,0.66294,0.66412,-5.9,-0.09,
11/11/2022 05:00,0.66201,0.66511,0.66166,0.66469,26.8,0.40,
11/11/2022 04:00,0.66102,0.66223,0.66005,0.66204,10.2,0.15,
11/11/2022 03:00,0.66075,0.66153,0.66004,0.66102,2.7,0.04,
11/11/2022 02:00,0.65842,0.6609,0.65839,0.66081,23.9,0.36,
11/11/2022 01:00,0.6596,0.66015,0.65777,0.65841,-11.9,-0.18,
11/11/2022 00:00,0.66062,0.66122,0.65875,0.65957,-10.5,-0.16,
11/10/2022 23:00,0.65963,0.66179,0.65963,0.66064,10.1,0.15,
11/10/2022 22:00,0.66169,0.66182,0.65869,0.65955,-21.4,-0.32,
11/10/2022 21:00,0.66168,0.66316,0.66142,0.66189,2.1,0.03,
11/10/2022 20:00,0.6592,0.662,0.65892,0.66166,24.6,0.37,
11/10/2022 19:00,0.65746,0.65929,0.65732,0.6592,17.4,0.26,
11/10/2022 18:00,0.65616,0.65783,0.65614,0.65745,12.9,0.20,
11/10/2022 17:00,0.65896,0.65896,0.65531,0.6561,-28.6,-0.44,
11/10/2022 16:00,0.65959,0.6597,0.65669,0.65892,-6.7,-0.10,
11/10/2022 15:00,0.65522,0.65977,0.65522,0.65963,44.1,0.67,
11/10/2022 14:00,0.65292,0.6559,0.65135,0.65519,22.7,0.35,
11/10/2022 13:00,0.64026,0.65653,0.63969,0.65297,127.1,1.95,
11/10/2022 12:00,0.63931,0.64052,0.63906,0.64023,9.2,0.14,
11/10/2022 11:00,0.64046,0.64094,0.63918,0.6393,-11.6,-0.18,
11/10/2022 10:00,0.64039,0.64066,0.63861,0.64045,0.6,0.01,
11/10/2022 09:00,0.64056,0.64154,0.63981,0.64042,-1.4,-0.02,
11/10/2022 08:00,0.64008,0.64192,0.63984,0.64053,4.5,0.07,
11/10/2022 07:00,0.6418,0.64194,0.63913,0.64011,-16.9,-0.26,
11/10/2022 06:00,0.64188,0.64258,0.64131,0.64176,-1.2,-0.02,
11/10/2022 05:00,0.64183,0.64264,0.64148,0.64188,0.5,0.01,
11/10/2022 04:00,0.64171,0.64207,0.64116,0.64183,1.2,0.02,
11/10/2022 03:00,0.6419,0.64299,0.64154,0.6417,-2,-0.03,
11/10/2022 02:00,0.64261,0.64295,0.64119,0.64194,-6.7,-0.10,
11/10/2022 01:00,0.64303,0.64415,0.64249,0.6426,-4.3,-0.07,
11/10/2022 00:00,0.64305,0.64365,0.64274,0.64302,-0.3,0.00,
11/09/2022 23:00,0.64274,0.64317,0.64222,0.64304,3.0,0.05,
11/09/2022 22:00,0.64285,0.64307,0.64169,0.64273,-1.2,-0.02,
11/09/2022 21:00,0.64242,0.64315,0.64238,0.6431,6.8,0.11,
11/09/2022 20:00,0.64226,0.64327,0.64211,0.64239,1.3,0.02,
11/09/2022 19:00,0.64305,0.6433,0.64144,0.64231,-7.4,-0.12,
11/09/2022 18:00,0.64457,0.64495,0.64251,0.6431,-14.7,-0.23,
11/09/2022 17:00,0.6447,0.64514,0.64345,0.64455,-1.5,-0.02,
11/09/2022 16:00,0.64384,0.64585,0.64379,0.64467,8.3,0.13,
11/09/2022 15:00,0.64586,0.64975,0.64311,0.64387,-19.9,-0.31,
11/09/2022 14:00,0.64576,0.64712,0.64476,0.64585,0.9,0.01,
11/09/2022 13:00,0.64713,0.6473,0.64478,0.64578,-13.5,-0.21,
11/09/2022 12:00,0.64706,0.64762,0.64635,0.64718,1.2,0.02,
11/09/2022 11:00,0.64679,0.64808,0.64656,0.64709,3.0,0.05,
11/09/2022 10:00,0.64792,0.64809,0.6458,0.64675,-11.7,-0.18,
11/09/2022 09:00,0.65124,0.65145,0.64728,0.64792,-33.2,-0.51,
11/09/2022 08:00,0.64983,0.65218,0.6497,0.65118,13.5,0.21,
11/09/2022 07:00,0.64886,0.65052,0.64886,0.64988,10.2,0.16,
11/09/2022 06:00,0.64924,0.64943,0.64845,0.64888,-3.6,-0.06,
11/09/2022 05:00,0.65002,0.65032,0.64889,0.64918,-8.4,-0.13,
11/09/2022 04:00,0.65026,0.65036,0.64921,0.65007,-1.9,-0.03,
11/09/2022 03:00,0.65082,0.65184,0.64958,0.65025,-5.7,-0.09,
11/09/2022 02:00,0.64858,0.65142,0.64847,0.6508,22.2,0.34,
11/09/2022 01:00,0.64968,0.64999,0.64849,0.64859,-10.9,-0.17,
11/09/2022 00:00,0.65086,0.65103,0.64937,0.64965,-12.1,-0.19,
11/08/2022 23:00,0.65024,0.65169,0.65008,0.65086,6.2,0.10,
11/08/2022 22:00,0.65043,0.65057,0.64854,0.65026,-1.7,-0.03,
11/08/2022 21:00,0.65041,0.65067,0.6503,0.65066,2.5,0.04,
11/08/2022 20:00,0.64975,0.65128,0.64967,0.65043,6.8,0.10,
11/08/2022 19:00,0.65029,0.65075,0.64779,0.64975,-5.4,-0.08,
11/08/2022 18:00,0.65296,0.65359,0.64978,0.6503,-26.6,-0.41,
11/08/2022 17:00,0.65435,0.65446,0.65261,0.65294,-14.1,-0.22,
11/08/2022 16:00,0.65322,0.65514,0.65261,0.6544,11.8,0.18,
11/08/2022 15:00,0.64818,0.65361,0.64814,0.65323,50.5,0.77,
11/08/2022 14:00,0.64735,0.64834,0.64672,0.6483,9.5,0.15,
11/08/2022 13:00,0.6474,0.64828,0.64682,0.64732,-0.8,-0.01,
11/08/2022 12:00,0.64776,0.6479,0.64624,0.64739,-3.7,-0.06,
11/08/2022 11:00,0.64722,0.64856,0.64694,0.6478,5.8,0.09,
11/08/2022 10:00,0.64803,0.64857,0.64707,0.6472,-8.3,-0.13,
11/08/2022 09:00,0.64604,0.64828,0.64518,0.64807,20.3,0.31,
11/08/2022 08:00,0.6454,0.64676,0.64513,0.64606,6.6,0.10,
11/08/2022 07:00,0.64585,0.64615,0.64443,0.64535,-5.0,-0.08,
11/08/2022 06:00,0.64496,0.64611,0.64495,0.64588,9.2,0.14,
11/08/2022 05:00,0.64637,0.64646,0.64463,0.64497,-14.0,-0.22,
11/08/2022 04:00,0.64715,0.64742,0.64612,0.64639,-7.6,-0.12,
11/08/2022 03:00,0.64689,0.64724,0.6466,0.6471,2.1,0.03,
11/08/2022 02:00,0.64689,0.64718,0.64639,0.64687,-0.2,0.00,
11/08/2022 01:00,0.64844,0.64844,0.64655,0.64691,-15.3,-0.24,
11/08/2022 00:00,0.64744,0.64905,0.64713,0.64844,10.0,0.15,
11/07/2022 23:00,0.64731,0.64769,0.64705,0.6474,0.9,0.01,
11/07/2022 22:00,0.64777,0.6478,0.64696,0.64729,-4.8,-0.07,
11/07/2022 21:00,0.64791,0.64816,0.64771,0.64811,2.0,0.03,
11/07/2022 20:00,0.6476,0.64833,0.6475,0.64789,2.9,0.04,
11/07/2022 19:00,0.64799,0.64827,0.64758,0.64764,-3.5,-0.05,
11/07/2022 18:00,0.64736,0.64808,0.64723,0.64799,6.3,0.10,
11/07/2022 17:00,0.64624,0.64769,0.64608,0.64735,11.1,0.17,
11/07/2022 16:00,0.64728,0.64734,0.64562,0.6462,-10.8,-0.17,
11/07/2022 15:00,0.64687,0.64757,0.64538,0.6473,4.3,0.07,
11/07/2022 14:00,0.64734,0.64909,0.64625,0.64684,-5.0,-0.08,
11/07/2022 13:00,0.64613,0.64838,0.64565,0.64729,11.6,0.18,
11/07/2022 12:00,0.64615,0.64654,0.64503,0.64611,-0.4,-0.01,
11/07/2022 11:00,0.6461,0.64686,0.64559,0.64618,0.8,0.01,
11/07/2022 10:00,0.64626,0.64736,0.64554,0.6461,-1.6,-0.02,
11/07/2022 09:00,0.64562,0.64767,0.64562,0.64624,6.2,0.10,
11/07/2022 08:00,0.64103,0.64599,0.64065,0.64567,46.4,0.72,
11/07/2022 07:00,0.64265,0.6428,0.64068,0.64101,-16.4,-0.26,
11/07/2022 06:00,0.64282,0.64351,0.6425,0.64255,-2.7,-0.04,
11/07/2022 05:00,0.64286,0.64435,0.64249,0.64278,-0.8,-0.01,
11/07/2022 04:00,0.64291,0.64316,0.64247,0.64286,-0.5,-0.01,
11/07/2022 03:00,0.64204,0.64375,0.64153,0.64298,9.4,0.15,
11/07/2022 02:00,0.64262,0.64284,0.64128,0.64206,-5.6,-0.09,
11/07/2022 01:00,0.64305,0.64329,0.64075,0.64258,-4.7,-0.07,
11/07/2022 00:00,0.64388,0.64493,0.64261,0.64308,-8.0,-0.12,
11/06/2022 23:00,0.64138,0.64468,0.64138,0.64389,25.1,0.39,
11/06/2022 22:00,0.64172,0.64282,0.64133,0.64133,-3.9,-0.06,
11/04/2022 21:00,0.64773,0.64794,0.64714,0.64716,-5.7,-0.09,
11/04/2022 20:00,0.6476,0.64825,0.64699,0.64772,1.2,0.02,
11/04/2022 19:00,0.6451,0.64773,0.64439,0.64765,25.5,0.39,
11/04/2022 18:00,0.64442,0.64567,0.64415,0.64509,6.7,0.10,
11/04/2022 17:00,0.64342,0.64506,0.64251,0.6444,9.8,0.15,
11/04/2022 16:00,0.64662,0.647,0.64234,0.64345,-31.7,-0.49,
11/04/2022 15:00,0.64407,0.64766,0.64386,0.64648,24.1,0.37,
11/04/2022 14:00,0.64395,0.64548,0.64159,0.64405,1.0,0.02,
11/04/2022 13:00,0.63792,0.64449,0.63453,0.64396,60.4,0.94,
11/04/2022 12:00,0.63723,0.63913,0.63658,0.63787,6.4,0.10,
11/04/2022 11:00,0.63539,0.63733,0.63524,0.63725,18.6,0.29,
11/04/2022 10:00,0.63529,0.63674,0.63513,0.63548,1.9,0.03,
11/04/2022 09:00,0.63366,0.63603,0.63364,0.63523,15.7,0.25,
11/04/2022 08:00,0.63464,0.63536,0.6332,0.63371,-9.3,-0.15,
11/04/2022 07:00,0.6339,0.63625,0.63366,0.63461,7.1,0.11,
11/04/2022 06:00,0.63457,0.63568,0.63391,0.63391,-6.6,-0.10,
11/04/2022 05:00,0.63313,0.63491,0.63285,0.63459,14.6,0.23,
11/04/2022 04:00,0.63152,0.63336,0.6315,0.6332,16.8,0.27,
11/04/2022 03:00,0.63041,0.63191,0.63,0.63154,11.3,0.18,
11/04/2022 02:00,0.62888,0.63061,0.62872,0.63037,14.9,0.24,
11/04/2022 01:00,0.62879,0.62991,0.62846,0.62885,0.6,0.01,
11/04/2022 00:00,0.62913,0.62921,0.62868,0.6288,-3.3,-0.05,
11/03/2022 23:00,0.62843,0.62943,0.62843,0.62909,6.6,0.10,
11/03/2022 22:00,0.6285,0.62918,0.62843,0.6286,1,0.02,
11/03/2022 21:00,0.62955,0.62956,0.62857,0.62865,-9.0,-0.14,
11/03/2022 20:00,0.62981,0.63047,0.62934,0.62955,-2.6,-0.04,
11/03/2022 19:00,0.62925,0.63015,0.62884,0.62978,5.3,0.08,
11/03/2022 18:00,0.62931,0.62984,0.62886,0.62926,-0.5,-0.01,
11/03/2022 17:00,0.62935,0.6302,0.62837,0.62931,-0.4,-0.01,
11/03/2022 16:00,0.63172,0.6319,0.62873,0.62936,-23.6,-0.37,
11/03/2022 15:00,0.62916,0.63243,0.62849,0.63174,25.8,0.41,
11/03/2022 14:00,0.62769,0.63006,0.62717,0.62874,10.5,0.17,
11/03/2022 13:00,0.62885,0.62997,0.62766,0.62772,-11.3,-0.18,
11/03/2022 12:00,0.62909,0.62951,0.62807,0.62889,-2.0,-0.03,
11/03/2022 11:00,0.62894,0.62942,0.62799,0.62914,2.0,0.03,
11/03/2022 10:00,0.6313,0.63201,0.62849,0.62895,-23.5,-0.37,
11/03/2022 09:00,0.63235,0.63282,0.63086,0.6313,-10.5,-0.17,
11/03/2022 08:00,0.63458,0.63487,0.63091,0.63233,-22.5,-0.36,
11/03/2022 07:00,0.63608,0.63608,0.63358,0.6346,-14.8,-0.23,
11/03/2022 06:00,0.63676,0.63701,0.63589,0.63609,-6.7,-0.11,
11/03/2022 05:00,0.63668,0.63718,0.63627,0.63673,0.5,0.01,
11/03/2022 04:00,0.63586,0.63684,0.6353,0.63668,8.2,0.13,
11/03/2022 03:00,0.63532,0.6366,0.63526,0.63584,5.2,0.08,
11/03/2022 02:00,0.63413,0.63619,0.63388,0.63534,12.1,0.19,
11/03/2022 01:00,0.6338,0.63428,0.63248,0.63417,3.7,0.06,
11/03/2022 00:00,0.63474,0.63475,0.63317,0.6338,-9.4,-0.15,
11/02/2022 23:00,0.63496,0.63627,0.63452,0.63472,-2.4,-0.04,
11/02/2022 22:00,0.63483,0.63564,0.63482,0.63496,1.3,0.02,
11/02/2022 21:00,0.63594,0.63611,0.63478,0.63497,-9.7,-0.15,
11/02/2022 20:00,0.64157,0.64319,0.63476,0.63595,-56.2,-0.88,
11/02/2022 19:00,0.64125,0.64924,0.63928,0.64161,3.6,0.06,
11/02/2022 18:00,0.64084,0.64205,0.64037,0.64121,3.7,0.06,
11/02/2022 17:00,0.64109,0.64129,0.64015,0.64088,-2.1,-0.03,
11/02/2022 16:00,0.64074,0.64112,0.63983,0.64107,3.3,0.05,
11/02/2022 15:00,0.64146,0.64173,0.64028,0.64072,-7.4,-0.12,
11/02/2022 14:00,0.6423,0.64284,0.64077,0.64149,-8.1,-0.13,
11/02/2022 13:00,0.64219,0.64273,0.64016,0.64233,1.4,0.02,
11/02/2022 12:00,0.64229,0.64271,0.64157,0.64216,-1.3,-0.02,
11/02/2022 11:00,0.64274,0.64298,0.64181,0.64227,-4.7,-0.07,
11/02/2022 10:00,0.64255,0.64301,0.64206,0.64279,2.4,0.04,
11/02/2022 09:00,0.64167,0.64256,0.64143,0.64255,8.8,0.14,
11/02/2022 08:00,0.64101,0.64168,0.64021,0.64162,6.1,0.10,
11/02/2022 07:00,0.64224,0.64243,0.64069,0.64104,-12.0,-0.19,
11/02/2022 06:00,0.64105,0.64274,0.64105,0.64221,11.6,0.18,
11/02/2022 05:00,0.64197,0.64212,0.64079,0.64109,-8.8,-0.14,
11/02/2022 04:00,0.6419,0.64274,0.6414,0.64191,0.1,0.00,
11/02/2022 03:00,0.64046,0.64195,0.63947,0.64193,14.7,0.23,
11/02/2022 02:00,0.63915,0.64058,0.639,0.64047,13.2,0.21,
11/02/2022 01:00,0.63961,0.64032,0.63843,0.63913,-4.8,-0.08,
11/02/2022 00:00,0.63936,0.63972,0.63893,0.63959,2.3,0.04,
11/01/2022 23:00,0.63933,0.63958,0.63863,0.63937,0.4,0.01,
11/01/2022 22:00,0.63947,0.6396,0.63869,0.6394,-0.7,-0.01,
11/01/2022 21:00,0.63969,0.63986,0.63905,0.63923,-4.6,-0.07,
11/01/2022 20:00,0.63984,0.64007,0.63919,0.63969,-1.5,-0.02,
11/01/2022 19:00,0.63989,0.64034,0.63935,0.63983,-0.6,-0.01,
11/01/2022 18:00,0.63872,0.63992,0.63846,0.63989,11.7,0.18,
11/01/2022 17:00,0.63911,0.64211,0.63768,0.63872,-3.9,-0.06,
11/01/2022 16:00,0.63872,0.64039,0.63827,0.63911,3.9,0.06,
11/01/2022 15:00,0.64313,0.64347,0.63807,0.63871,-44.2,-0.69,
11/01/2022 14:00,0.64558,0.6458,0.64286,0.64331,-22.7,-0.35,
11/01/2022 13:00,0.64457,0.64638,0.64457,0.64556,9.9,0.15,
11/01/2022 12:00,0.64492,0.64536,0.64417,0.64455,-3.7,-0.06,
11/01/2022 11:00,0.64415,0.64569,0.64412,0.64488,7.3,0.11,
11/01/2022 10:00,0.64289,0.64451,0.6423,0.64415,12.6,0.20,
11/01/2022 09:00,0.64249,0.64497,0.64235,0.64289,4.0,0.06,
11/01/2022 08:00,0.64423,0.64441,0.64049,0.6424,-18.3,-0.28,
11/01/2022 07:00,0.64256,0.6445,0.6423,0.64424,16.8,0.26,
11/01/2022 06:00,0.64225,0.64356,0.64149,0.64257,3.2,0.05,
11/01/2022 05:00,0.6428,0.64333,0.64197,0.64222,-5.8,-0.09,
11/01/2022 04:00,0.64446,0.64465,0.64072,0.64282,-16.4,-0.26,
11/01/2022 03:00,0.64196,0.64454,0.64179,0.64447,25.1,0.39,
11/01/2022 02:00,0.63999,0.64218,0.63952,0.64192,19.3,0.30,
11/01/2022 01:00,0.64095,0.64138,0.63987,0.64001,-9.4,-0.15,
11/01/2022 00:00,0.6404,0.64119,0.64034,0.64097,5.7,0.09,
10/31/2022 23:00,0.63951,0.64077,0.63944,0.64041,9.0,0.14,
10/31/2022 22:00,0.63863,0.63952,0.63862,0.63945,8.2,0.13,
10/31/2022 21:00,0.63968,0.63988,0.63937,0.63976,0.8,0.01,
10/31/2022 20:00,0.63932,0.63972,0.63858,0.63972,4.0,0.06,
10/31/2022 19:00,0.63952,0.63991,0.63913,0.63925,-2.7,-0.04,
10/31/2022 18:00,0.63904,0.63961,0.63861,0.63953,4.9,0.08,
10/31/2022 17:00,0.63934,0.64006,0.63886,0.63899,-3.5,-0.05,
10/31/2022 16:00,0.63792,0.64005,0.6368,0.63932,14.0,0.22,
10/31/2022 15:00,0.63699,0.63928,0.63688,0.63795,9.6,0.15,
10/31/2022 14:00,0.6378,0.63869,0.63687,0.63694,-8.6,-0.14,
10/31/2022 13:00,0.63894,0.63894,0.63768,0.6378,-11.4,-0.18,
10/31/2022 12:00,0.63949,0.6401,0.63841,0.63895,-5.4,-0.08,
10/31/2022 11:00,0.64035,0.64036,0.63873,0.63949,-8.6,-0.13,
10/31/2022 10:00,0.63965,0.64066,0.63952,0.64035,7.0,0.11,
10/31/2022 09:00,0.64107,0.64116,0.63869,0.6396,-14.7,-0.23,
10/31/2022 08:00,0.64187,0.64233,0.64058,0.64108,-7.9,-0.12,
10/31/2022 07:00,0.6416,0.64239,0.64137,0.64185,2.5,0.04,
10/31/2022 06:00,0.64193,0.64229,0.64107,0.64165,-2.8,-0.04,
10/31/2022 05:00,0.64234,0.6428,0.64192,0.64197,-3.7,-0.06,
10/31/2022 04:00,0.64165,0.64255,0.64134,0.64233,6.8,0.11,
10/31/2022 03:00,0.64173,0.6425,0.64097,0.64162,-1.1,-0.02,
10/31/2022 02:00,0.64125,0.64221,0.64022,0.64177,5.2,0.08,
10/31/2022 01:00,0.64007,0.6415,0.64007,0.64122,11.5,0.18,
10/31/2022 00:00,0.63987,0.6409,0.63985,0.64006,1.9,0.03,
10/30/2022 23:00,0.63985,0.64083,0.63972,0.63986,0.1,0.00,
10/30/2022 22:00,0.64008,0.64044,0.63885,0.63981,-2.7,-0.04,
10/30/2022 21:00,0.64007,0.64043,0.63884,0.6398,-2.7,-0.04,
10/28/2022 21:00,0.64154,0.64154,0.64097,0.64121,-3.3,-0.05,
10/28/2022 20:00,0.64112,0.64168,0.64096,0.64156,4.4,0.07,
10/28/2022 19:00,0.64062,0.64122,0.64033,0.6411,4.8,0.07,
10/28/2022 18:00,0.64064,0.64101,0.64016,0.64057,-0.7,-0.01,
10/28/2022 17:00,0.6395,0.64077,0.63913,0.64068,11.8,0.18,
10/28/2022 16:00,0.64069,0.64089,0.63887,0.63948,-12.1,-0.19,
10/28/2022 15:00,0.64197,0.64313,0.63955,0.64074,-12.3,-0.19,
10/28/2022 14:00,0.64074,0.64325,0.64064,0.64197,12.3,0.19,
10/28/2022 13:00,0.64188,0.64303,0.63998,0.64074,-11.4,-0.18,
10/28/2022 12:00,0.64121,0.64313,0.64019,0.64188,6.7,0.10,
10/28/2022 11:00,0.64156,0.64207,0.64089,0.64125,-3.1,-0.05,
10/28/2022 10:00,0.64169,0.64186,0.64029,0.64155,-1.4,-0.02,
10/28/2022 09:00,0.64188,0.64226,0.64071,0.64166,-2.2,-0.03,
10/28/2022 08:00,0.64359,0.64373,0.64154,0.64185,-17.4,-0.27,
10/28/2022 07:00,0.64467,0.64525,0.64318,0.64356,-11.1,-0.17,
10/28/2022 06:00,0.64689,0.64702,0.64453,0.64467,-22.2,-0.34,
10/28/2022 05:00,0.64727,0.64792,0.64661,0.64689,-3.8,-0.06,
10/28/2022 04:00,0.64682,0.64733,0.64572,0.64733,5.1,0.08,
10/28/2022 03:00,0.64729,0.6476,0.64602,0.64679,-5.0,-0.08,
10/28/2022 02:00,0.64441,0.64743,0.64435,0.6473,28.9,0.45,
10/28/2022 01:00,0.64505,0.64539,0.64422,0.64443,-6.2,-0.10,
10/28/2022 00:00,0.64578,0.64593,0.64492,0.64506,-7.2,-0.11,
10/27/2022 23:00,0.6453,0.6459,0.64491,0.64577,4.7,0.07,
10/27/2022 22:00,0.6448,0.64517,0.64474,0.64517,3.7,0.06,
10/27/2022 21:00,0.64623,0.64643,0.64478,0.64525,-9.8,-0.15,
10/27/2022 20:00,0.64598,0.6465,0.64565,0.64621,2.3,0.04,
10/27/2022 19:00,0.64697,0.64707,0.64593,0.64595,-10.2,-0.16,
10/27/2022 18:00,0.64717,0.64893,0.64668,0.64699,-1.8,-0.03,
10/27/2022 17:00,0.64763,0.6487,0.64649,0.64711,-5.2,-0.08,
10/27/2022 16:00,0.64838,0.64991,0.64748,0.64764,-7.4,-0.11,
10/27/2022 15:00,0.64696,0.65047,0.64684,0.64836,14.0,0.22,
10/27/2022 14:00,0.64652,0.64807,0.64507,0.64696,4.4,0.07,
10/27/2022 13:00,0.64431,0.64675,0.64255,0.64652,22.1,0.34,
10/27/2022 12:00,0.64483,0.64587,0.64398,0.6443,-5.3,-0.08,
10/27/2022 11:00,0.64561,0.6465,0.64458,0.64485,-7.6,-0.12,
10/27/2022 10:00,0.64674,0.64697,0.64505,0.64555,-11.9,-0.18,
10/27/2022 09:00,0.6472,0.64865,0.64668,0.64678,-4.2,-0.06,
10/27/2022 08:00,0.64823,0.64941,0.64691,0.64719,-10.4,-0.16,
10/27/2022 07:00,0.65128,0.65154,0.648,0.64822,-30.6,-0.47,
10/27/2022 06:00,0.65099,0.65216,0.65053,0.65129,3.0,0.05,
10/27/2022 05:00,0.64952,0.65132,0.64917,0.65098,14.6,0.22,
10/27/2022 04:00,0.64869,0.64996,0.64863,0.64953,8.4,0.13,
10/27/2022 03:00,0.64884,0.64913,0.64752,0.64872,-1.2,-0.02,
10/27/2022 02:00,0.64837,0.64945,0.64803,0.64884,4.7,0.07,
10/27/2022 01:00,0.64956,0.65018,0.64805,0.64834,-12.2,-0.19,
10/27/2022 00:00,0.64863,0.64959,0.64856,0.64958,9.5,0.15,
10/26/2022 23:00,0.64913,0.64923,0.64839,0.64861,-5.2,-0.08,
10/26/2022 22:00,0.64955,0.64964,0.6485,0.64913,-4.2,-0.06,
10/26/2022 21:00,0.64898,0.64985,0.6489,0.64965,6.7,0.10,
10/26/2022 20:00,0.6494,0.6494,0.64834,0.64897,-4.3,-0.07,
10/26/2022 19:00,0.64902,0.64991,0.64883,0.64947,4.5,0.07,
10/26/2022 18:00,0.64874,0.64907,0.64772,0.64904,3.0,0.05,
10/26/2022 17:00,0.64982,0.65089,0.64846,0.64871,-11.1,-0.17,
10/26/2022 16:00,0.64895,0.65109,0.64885,0.64983,8.8,0.14,
10/26/2022 15:00,0.6464,0.64947,0.64565,0.64894,25.4,0.39,
10/26/2022 14:00,0.64598,0.64794,0.64517,0.64661,6.3,0.10,
10/26/2022 13:00,0.6477,0.64824,0.64535,0.64596,-17.4,-0.27,
10/26/2022 12:00,0.64754,0.64896,0.64711,0.64773,1.9,0.03,
10/26/2022 11:00,0.64713,0.64793,0.64641,0.64751,3.8,0.06,
10/26/2022 10:00,0.64913,0.64971,0.64689,0.64719,-19.4,-0.30,
10/26/2022 09:00,0.64706,0.64931,0.64656,0.64914,20.8,0.32,
10/26/2022 08:00,0.64346,0.64733,0.64312,0.64701,35.5,0.55,
10/26/2022 07:00,0.64086,0.64381,0.64054,0.6434,25.4,0.39,
10/26/2022 06:00,0.64021,0.64158,0.63969,0.64091,7.0,0.11,
10/26/2022 05:00,0.64078,0.64116,0.64019,0.64022,-5.6,-0.09,
10/26/2022 04:00,0.63925,0.64088,0.6391,0.64078,15.3,0.24,
10/26/2022 03:00,0.63838,0.63955,0.63827,0.63924,8.6,0.13,
10/26/2022 02:00,0.63793,0.63937,0.63733,0.63839,4.6,0.07,
10/26/2022 01:00,0.6384,0.64029,0.63722,0.63794,-4.6,-0.07,
10/26/2022 00:00,0.63803,0.63858,0.63754,0.63839,3.6,0.06,
10/25/2022 23:00,0.6389,0.63906,0.6378,0.63804,-8.6,-0.13,
10/25/2022 22:00,0.63924,0.63944,0.63817,0.63902,-2.2,-0.03,
10/25/2022 21:00,0.63982,0.63984,0.6392,0.63938,-4.4,-0.07,
10/25/2022 20:00,0.63876,0.63995,0.63876,0.63985,10.9,0.17,
10/25/2022 19:00,0.63913,0.63987,0.63849,0.63872,-4.1,-0.06,
10/25/2022 18:00,0.63808,0.63929,0.6377,0.63915,10.7,0.17,
10/25/2022 17:00,0.63939,0.63939,0.63745,0.63811,-12.8,-0.20,
10/25/2022 16:00,0.63961,0.64122,0.63922,0.63938,-2.3,-0.04,
10/25/2022 15:00,0.63939,0.64022,0.63705,0.63963,2.4,0.04,
10/25/2022 14:00,0.63279,0.63974,0.63276,0.63936,65.7,1.03,
10/25/2022 13:00,0.6321,0.63298,0.63148,0.6328,7,0.11,
10/25/2022 12:00,0.63102,0.63237,0.63056,0.63206,10.4,0.16,
10/25/2022 11:00,0.63106,0.6312,0.63041,0.63104,-0.2,0.00,
10/25/2022 10:00,0.63203,0.63214,0.63035,0.63105,-9.8,-0.16,
10/25/2022 09:00,0.6328,0.63359,0.63173,0.632,-8,-0.13,
10/25/2022 08:00,0.63243,0.63302,0.6318,0.63271,2.8,0.04,
10/25/2022 07:00,0.6321,0.63362,0.63203,0.63233,2.3,0.04,
10/25/2022 06:00,0.63238,0.63276,0.63169,0.63219,-1.9,-0.03,
10/25/2022 05:00,0.63336,0.63353,0.63212,0.63234,-10.2,-0.16,
10/25/2022 04:00,0.63237,0.6337,0.63195,0.63341,10.4,0.16,
10/25/2022 03:00,0.63253,0.63263,0.63126,0.63232,-2.1,-0.03,
10/25/2022 02:00,0.63355,0.63414,0.63141,0.63249,-10.6,-0.17,
10/25/2022 01:00,0.63276,0.63411,0.63195,0.63357,8.1,0.13,
10/25/2022 00:00,0.63266,0.63337,0.63254,0.63273,0.7,0.01,
10/24/2022 23:00,0.63052,0.63298,0.63048,0.6327,21.8,0.34,
10/24/2022 22:00,0.63109,0.63136,0.62982,0.63052,-5.7,-0.09,
10/24/2022 21:00,0.6312,0.6314,0.63086,0.63123,0.3,0.00,
10/24/2022 20:00,0.63092,0.63145,0.63061,0.63121,2.9,0.05,
10/24/2022 19:00,0.62958,0.63099,0.62948,0.63096,13.8,0.22,
10/24/2022 18:00,0.63,0.63005,0.62931,0.62955,-4.5,-0.07,
10/24/2022 17:00,0.63091,0.63132,0.62955,0.62996,-9.5,-0.15,
10/24/2022 16:00,0.63011,0.6311,0.62939,0.63093,8.2,0.13,
10/24/2022 15:00,0.63114,0.63128,0.62786,0.63014,-10.0,-0.16,
10/24/2022 14:00,0.62937,0.6326,0.62779,0.63111,17.4,0.28,
10/24/2022 13:00,0.63072,0.63094,0.62828,0.62934,-13.8,-0.22,
10/24/2022 12:00,0.62973,0.63265,0.62898,0.63071,9.8,0.16,
10/24/2022 11:00,0.62928,0.63038,0.62882,0.62974,4.6,0.07,
10/24/2022 10:00,0.62961,0.62961,0.62722,0.62927,-3.4,-0.05,
10/24/2022 09:00,0.63082,0.63105,0.62842,0.62962,-12.0,-0.19,
10/24/2022 08:00,0.63251,0.63374,0.63028,0.63077,-17.4,-0.28,
10/24/2022 07:00,0.63281,0.63383,0.63143,0.63251,-3.0,-0.05,
10/24/2022 06:00,0.63464,0.63472,0.63286,0.63291,-17.3,-0.27,
10/24/2022 05:00,0.63298,0.6347,0.63285,0.63469,17.1,0.27,
10/24/2022 04:00,0.63433,0.6345,0.63239,0.63299,-13.4,-0.21,
10/24/2022 03:00,0.63593,0.63596,0.63414,0.63427,-16.6,-0.26,
10/24/2022 02:00,0.63646,0.63682,0.63486,0.63594,-5.2,-0.08,
10/24/2022 01:00,0.63685,0.63765,0.63587,0.63645,-4.0,-0.06,
10/24/2022 00:00,0.63691,0.63945,0.63553,0.63688,-0.3,0.00,
10/23/2022 23:00,0.63979,0.64113,0.63649,0.63689,-29.0,-0.46,
10/23/2022 22:00,0.63951,0.63996,0.63843,0.63978,2.7,0.04,
10/23/2022 21:00,0.63949,0.63994,0.63841,0.63976,2.7,0.04,
10/21/2022 21:00,0.63894,0.63913,0.63781,0.63796,-9.8,-0.15,
10/21/2022 20:00,0.63657,0.63926,0.63649,0.63895,23.8,0.37,
10/21/2022 19:00,0.63576,0.63693,0.63492,0.63653,7.7,0.12,
10/21/2022 18:00,0.63616,0.63695,0.63514,0.63581,-3.5,-0.06,
10/21/2022 17:00,0.63611,0.6369,0.63509,0.63576,-3.5,-0.06,
10/21/2022 16:00,0.63661,0.63792,0.6335,0.63617,-4.4,-0.07,
10/21/2022 15:00,0.63141,0.63693,0.6303,0.63659,51.8,0.81,
10/21/2022 14:00,0.63168,0.63344,0.62822,0.6314,-2.8,-0.04,
10/21/2022 13:00,0.62423,0.63208,0.62422,0.63168,74.5,1.18,
10/21/2022 12:00,0.62356,0.62519,0.62101,0.62425,6.9,0.11,
10/21/2022 11:00,0.62537,0.62573,0.62351,0.62359,-17.8,-0.29,
10/21/2022 10:00,0.62527,0.62578,0.62422,0.62536,0.9,0.01,
10/21/2022 09:00,0.62522,0.62554,0.62425,0.62529,0.7,0.01,
10/21/2022 08:00,0.627,0.62734,0.62457,0.62516,-18.4,-0.29,
10/21/2022 07:00,0.62619,0.62803,0.62546,0.62704,8.5,0.14,
10/21/2022 06:00,0.62624,0.62715,0.62539,0.62621,-0.3,0.00,
10/21/2022 05:00,0.62646,0.62646,0.62547,0.62626,-2.0,-0.03,
10/21/2022 04:00,0.62659,0.62659,0.62569,0.62649,-1.0,-0.02,
10/21/2022 03:00,0.62727,0.62822,0.62628,0.62658,-6.9,-0.11,
10/21/2022 02:00,0.62658,0.62787,0.6264,0.62728,7.0,0.11,
10/21/2022 01:00,0.62693,0.6274,0.62613,0.62659,-3.4,-0.05,
10/21/2022 00:00,0.62743,0.62765,0.62639,0.62689,-5.4,-0.09,
10/20/2022 23:00,0.6276,0.62764,0.62688,0.6274,-2,-0.03,
10/20/2022 22:00,0.62826,0.62834,0.62742,0.62762,-6.4,-0.10,
10/20/2022 21:00,0.62744,0.62821,0.62733,0.62805,6.1,0.10,
10/20/2022 20:00,0.62797,0.62833,0.62762,0.62824,2.7,0.04,
10/20/2022 19:00,0.62793,0.62851,0.6267,0.62798,0.5,0.01,
10/20/2022 18:00,0.62904,0.6292,0.62735,0.62787,-11.7,-0.19,
10/20/2022 17:00,0.63125,0.63126,0.62867,0.62905,-22.0,-0.35,
10/20/2022 16:00,0.63349,0.63357,0.63061,0.63124,-22.5,-0.36,
10/20/2022 15:00,0.63537,0.63542,0.63337,0.63349,-18.8,-0.30,
10/20/2022 14:00,0.63074,0.63561,0.63066,0.63538,46.4,0.73,
10/20/2022 13:00,0.62919,0.63112,0.62909,0.63075,15.6,0.25,
10/20/2022 12:00,0.63117,0.63296,0.62909,0.62916,-20.1,-0.32,
10/20/2022 11:00,0.63056,0.63187,0.63027,0.63119,6.3,0.10,
10/20/2022 10:00,0.62909,0.63085,0.62859,0.63058,14.9,0.24,
10/20/2022 09:00,0.62756,0.62934,0.6275,0.62912,15.6,0.25,
10/20/2022 08:00,0.62714,0.6277,0.62617,0.62753,3.9,0.06,
10/20/2022 07:00,0.62646,0.62765,0.62528,0.6271,6.4,0.10,
10/20/2022 06:00,0.62615,0.62669,0.6253,0.6265,3.5,0.06,
10/20/2022 05:00,0.62546,0.627,0.62475,0.62612,6.6,0.11,
10/20/2022 04:00,0.62341,0.62688,0.62331,0.6255,20.9,0.33,
10/20/2022 03:00,0.62437,0.62461,0.62289,0.62347,-9.0,-0.14,
10/20/2022 02:00,0.62399,0.6245,0.62357,0.62435,3.6,0.06,
10/20/2022 01:00,0.62631,0.62631,0.6237,0.62393,-23.8,-0.38,
10/20/2022 00:00,0.62633,0.62729,0.6253,0.62631,-0.2,0.00,
10/19/2022 23:00,0.62636,0.62656,0.62604,0.62633,-0.3,0.00,
10/19/2022 22:00,0.62719,0.62728,0.6263,0.6264,-7.9,-0.13,
10/19/2022 21:00,0.62599,0.62719,0.62587,0.62713,11.4,0.18,
10/19/2022 20:00,0.62702,0.6273,0.62668,0.62693,-0.9,-0.01,
10/19/2022 19:00,0.62633,0.62701,0.62594,0.62701,6.8,0.11,
10/19/2022 18:00,0.62629,0.62732,0.6261,0.62631,0.2,0.00,
10/19/2022 17:00,0.62603,0.62649,0.6251,0.62627,2.4,0.04,
10/19/2022 16:00,0.62703,0.6271,0.62569,0.62603,-10.0,-0.16,
10/19/2022 15:00,0.62927,0.62941,0.62675,0.62706,-22.1,-0.35,
10/19/2022 14:00,0.62769,0.63027,0.62732,0.62927,15.8,0.25,
10/19/2022 13:00,0.62813,0.62922,0.62719,0.62774,-3.9,-0.06,
10/19/2022 12:00,0.62839,0.62862,0.62723,0.62811,-2.8,-0.04,
10/19/2022 11:00,0.62889,0.62937,0.62748,0.62846,-4.3,-0.07,
10/19/2022 10:00,0.63164,0.63171,0.62886,0.62886,-27.8,-0.44,
10/19/2022 09:00,0.62967,0.6316,0.62934,0.6316,19.3,0.31,
10/19/2022 08:00,0.63043,0.63053,0.62858,0.62971,-7.2,-0.11,
10/19/2022 07:00,0.62915,0.63061,0.62885,0.63042,12.7,0.20,
10/19/2022 06:00,0.63086,0.63088,0.62901,0.62914,-17.2,-0.27,
10/19/2022 05:00,0.63106,0.63152,0.6304,0.6309,-1.6,-0.03,
10/19/2022 04:00,0.63206,0.63236,0.63072,0.63108,-9.8,-0.16,
10/19/2022 03:00,0.63165,0.6323,0.63159,0.63204,3.9,0.06,
10/19/2022 02:00,0.63155,0.63242,0.63144,0.63167,1.2,0.02,
10/19/2022 01:00,0.63135,0.63213,0.63082,0.63158,2.3,0.04,
10/19/2022 00:00,0.63146,0.63202,0.63076,0.63131,-1.5,-0.02,
10/18/2022 23:00,0.63176,0.63253,0.63137,0.63151,-2.5,-0.04,
10/18/2022 22:00,0.63101,0.63206,0.63071,0.63174,7.3,0.12,
10/18/2022 21:00,0.63052,0.63118,0.63046,0.63099,4.7,0.07,
10/18/2022 20:00,0.63069,0.63136,0.63024,0.63086,1.7,0.03,
10/18/2022 19:00,0.62944,0.6308,0.6289,0.63075,13.1,0.21,
10/18/2022 18:00,0.63033,0.63044,0.62854,0.62943,-9.0,-0.14,
10/18/2022 17:00,0.62923,0.63047,0.62781,0.63031,10.8,0.17,
10/18/2022 16:00,0.62801,0.63016,0.62745,0.62925,12.4,0.20,
10/18/2022 15:00,0.63006,0.63037,0.62656,0.62803,-20.3,-0.32,
10/18/2022 14:00,0.63155,0.63176,0.6285,0.63004,-15.1,-0.24,
10/18/2022 13:00,0.63346,0.63354,0.6312,0.63161,-18.5,-0.29,
10/18/2022 12:00,0.63162,0.63397,0.63105,0.63344,18.2,0.29,
10/18/2022 11:00,0.62897,0.6319,0.62892,0.63163,26.6,0.42,
10/18/2022 10:00,0.62908,0.63011,0.6287,0.62897,-1.1,-0.02,
10/18/2022 09:00,0.62796,0.6297,0.62758,0.62912,11.6,0.18,
10/18/2022 08:00,0.631,0.63112,0.6279,0.62792,-30.8,-0.49,
10/18/2022 07:00,0.63124,0.63158,0.62874,0.63102,-2.2,-0.03,
10/18/2022 06:00,0.63099,0.63174,0.63038,0.63123,2.4,0.04,
10/18/2022 05:00,0.63199,0.63265,0.63091,0.63097,-10.2,-0.16,
10/18/2022 04:00,0.63082,0.63307,0.63079,0.63199,11.7,0.19,
10/18/2022 03:00,0.62824,0.63095,0.62821,0.63079,25.5,0.40,
10/18/2022 02:00,0.62936,0.6294,0.62773,0.62827,-10.9,-0.17,
10/18/2022 01:00,0.62999,0.63032,0.629,0.62937,-6.2,-0.10,
10/18/2022 00:00,0.62971,0.63138,0.62944,0.63,2.9,0.05,
10/17/2022 23:00,0.62954,0.63016,0.6292,0.62969,1.5,0.02,
10/17/2022 22:00,0.62875,0.62983,0.62875,0.62958,8.3,0.13,
10/17/2022 21:00,0.62871,0.62952,0.62789,0.62875,0.4,0.01,
10/17/2022 20:00,0.6284,0.62938,0.6284,0.62928,8.8,0.14,
10/17/2022 19:00,0.62933,0.62935,0.62812,0.62836,-9.7,-0.15,
10/17/2022 18:00,0.62951,0.62985,0.62853,0.62936,-1.5,-0.02,
10/17/2022 17:00,0.62953,0.63042,0.62941,0.62957,0.4,0.01,
10/17/2022 16:00,0.63077,0.63122,0.62945,0.62954,-12.3,-0.20,
10/17/2022 15:00,0.62867,0.63114,0.62789,0.63072,20.5,0.33,
10/17/2022 14:00,0.62727,0.6292,0.62724,0.62869,14.2,0.23,
10/17/2022 13:00,0.62758,0.62932,0.62695,0.62724,-3.4,-0.05,
10/17/2022 12:00,0.62466,0.6285,0.62403,0.62762,29.6,0.47,
10/17/2022 11:00,0.62486,0.62506,0.6242,0.62466,-2.0,-0.03,
10/17/2022 10:00,0.62474,0.62639,0.62431,0.62486,1.2,0.02,
10/17/2022 09:00,0.62423,0.62503,0.62404,0.62475,5.2,0.08,
10/17/2022 08:00,0.62464,0.62504,0.62265,0.62423,-4.1,-0.07,
10/17/2022 07:00,0.62313,0.62515,0.62308,0.62461,14.8,0.24,
10/17/2022 06:00,0.62413,0.62449,0.62298,0.62312,-10.1,-0.16,
10/17/2022 05:00,0.62295,0.62441,0.62265,0.62416,12.1,0.19,
10/17/2022 04:00,0.6233,0.6233,0.62232,0.62298,-3.2,-0.05,
10/17/2022 03:00,0.62326,0.62359,0.62286,0.62324,-0.2,0.00,
10/17/2022 02:00,0.62309,0.62358,0.62249,0.62327,1.8,0.03,
10/17/2022 01:00,0.62146,0.62345,0.62102,0.62305,15.9,0.26,
10/17/2022 00:00,0.62215,0.62288,0.62093,0.62141,-7.4,-0.12,
10/16/2022 23:00,0.62143,0.62237,0.62127,0.62215,7.2,0.12,
10/16/2022 22:00,0.62057,0.62187,0.62057,0.62146,8.9,0.14,
10/16/2022 21:00,0.62068,0.62079,0.62016,0.62044,-2.4,-0.04,
10/14/2022 20:00,0.62055,0.62074,0.61991,0.62031,-2.4,-0.04,
10/14/2022 19:00,0.62027,0.62072,0.61938,0.62056,2.9,0.05,
10/14/2022 18:00,0.62118,0.62118,0.61961,0.62022,-9.6,-0.15,
10/14/2022 17:00,0.62104,0.62161,0.61989,0.62117,1.3,0.02,
10/14/2022 16:00,0.62192,0.62319,0.6207,0.62103,-8.9,-0.14,
10/14/2022 15:00,0.62411,0.62494,0.62145,0.62193,-21.8,-0.35,
10/14/2022 14:00,0.62611,0.62611,0.62256,0.62413,-19.8,-0.32,
10/14/2022 13:00,0.63151,0.63206,0.62606,0.6263,-52.1,-0.83,
10/14/2022 12:00,0.62767,0.63211,0.62698,0.63149,38.2,0.60,
10/14/2022 11:00,0.63013,0.63019,0.62725,0.62763,-25.0,-0.40,
10/14/2022 10:00,0.62878,0.63133,0.62854,0.6302,14.2,0.23,
10/14/2022 09:00,0.62974,0.62979,0.62799,0.62876,-9.8,-0.16,
10/14/2022 08:00,0.63237,0.63242,0.62956,0.62975,-26.2,-0.42,
10/14/2022 07:00,0.6337,0.63396,0.63067,0.63236,-13.4,-0.21,
10/14/2022 06:00,0.63269,0.63469,0.63244,0.63373,10.4,0.16,
10/14/2022 05:00,0.63259,0.63366,0.63221,0.63267,0.8,0.01,
10/14/2022 04:00,0.63322,0.63348,0.63242,0.63263,-5.9,-0.09,
10/14/2022 03:00,0.63279,0.63435,0.63266,0.63322,4.3,0.07,
10/14/2022 02:00,0.63378,0.63389,0.63247,0.63279,-9.9,-0.16,
10/14/2022 01:00,0.6305,0.63406,0.63048,0.63382,33.2,0.52,
10/14/2022 00:00,0.62941,0.6311,0.6289,0.63045,10.4,0.16,
10/13/2022 23:00,0.62997,0.63032,0.62946,0.62947,-5.0,-0.08,
10/13/2022 22:00,0.62961,0.63007,0.62923,0.62997,3.6,0.06,
10/13/2022 21:00,0.62932,0.6298,0.62865,0.62959,2.7,0.04,
10/13/2022 20:00,0.62937,0.62987,0.62906,0.62981,4.4,0.07,
10/13/2022 19:00,0.63044,0.63061,0.62884,0.62941,-10.3,-0.16,
10/13/2022 18:00,0.63102,0.63108,0.62928,0.63044,-5.8,-0.09,
10/13/2022 17:00,0.62825,0.63166,0.62819,0.63105,28.0,0.44,
10/13/2022 16:00,0.62826,0.62961,0.6269,0.62823,-0.3,0.00,
10/13/2022 15:00,0.62178,0.62947,0.62147,0.62826,64.8,1.03,
10/13/2022 14:00,0.62178,0.62278,0.61932,0.62174,-0.4,-0.01,
10/13/2022 13:00,0.62036,0.62279,0.6175,0.62177,14.1,0.23,
10/13/2022 12:00,0.62887,0.62921,0.61698,0.62041,-84.6,-1.36,
10/13/2022 11:00,0.62773,0.62984,0.62762,0.62889,11.6,0.18,
10/13/2022 10:00,0.62921,0.6296,0.62725,0.6277,-15.1,-0.24,
10/13/2022 09:00,0.62839,0.62989,0.62829,0.62921,8.2,0.13,
10/13/2022 08:00,0.62779,0.62852,0.62703,0.62844,6.5,0.10,
10/13/2022 07:00,0.62697,0.62805,0.6265,0.62779,8.2,0.13,
10/13/2022 06:00,0.6276,0.62806,0.62677,0.62697,-6.3,-0.10,
10/13/2022 05:00,0.62762,0.62826,0.62732,0.62766,0.4,0.01,
10/13/2022 04:00,0.62725,0.62767,0.62684,0.62758,3.3,0.05,
10/13/2022 03:00,0.62725,0.62746,0.62676,0.62731,0.6,0.01,
10/13/2022 02:00,0.62844,0.62858,0.62704,0.62728,-11.6,-0.18,
10/13/2022 01:00,0.62856,0.62899,0.62804,0.62841,-1.5,-0.02,
10/13/2022 00:00,0.62754,0.62908,0.62718,0.62859,10.5,0.17,
10/12/2022 23:00,0.62709,0.62783,0.62704,0.62752,4.3,0.07,
10/12/2022 22:00,0.62762,0.62797,0.62705,0.62712,-5.0,-0.08,
10/12/2022 21:00,0.62764,0.62774,0.62659,0.62757,-0.7,-0.01,
10/12/2022 20:00,0.62741,0.62777,0.62719,0.62759,1.8,0.03,
10/12/2022 19:00,0.62761,0.62807,0.62695,0.62747,-1.4,-0.02,
10/12/2022 18:00,0.627,0.62988,0.62662,0.62762,6.2,0.10,
10/12/2022 17:00,0.6268,0.62717,0.62638,0.62695,1.5,0.02,
10/12/2022 16:00,0.62717,0.62736,0.62626,0.62679,-3.8,-0.06,
10/12/2022 15:00,0.62701,0.62789,0.62649,0.62718,1.7,0.03,
10/12/2022 14:00,0.62577,0.62764,0.62529,0.62703,12.6,0.20,
10/12/2022 13:00,0.62558,0.62648,0.6239,0.62571,1.3,0.02,
10/12/2022 12:00,0.62548,0.62627,0.62355,0.62556,0.8,0.01,
10/12/2022 11:00,0.62626,0.62675,0.62523,0.62552,-7.4,-0.12,
10/12/2022 10:00,0.62688,0.62741,0.62575,0.62628,-6.0,-0.10,
10/12/2022 09:00,0.62597,0.62748,0.62575,0.62685,8.8,0.14,
10/12/2022 08:00,0.62565,0.62742,0.62559,0.62598,3.3,0.05,
10/12/2022 07:00,0.6282,0.62886,0.62555,0.62566,-25.4,-0.41,
10/12/2022 06:00,0.62769,0.62885,0.62683,0.62818,4.9,0.08,
10/12/2022 05:00,0.62697,0.62804,0.62574,0.62767,7.0,0.11,
10/12/2022 04:00,0.62544,0.62814,0.62544,0.62696,15.2,0.24,
10/12/2022 03:00,0.62554,0.62589,0.62477,0.62547,-0.7,-0.01,
10/12/2022 02:00,0.62493,0.62552,0.624,0.6255,5.7,0.09,
10/12/2022 01:00,0.62636,0.62682,0.62401,0.62491,-14.5,-0.23,
10/12/2022 00:00,0.6265,0.62722,0.62545,0.62642,-0.8,-0.01,
10/11/2022 23:00,0.62748,0.62757,0.62618,0.62646,-10.2,-0.16,
10/11/2022 22:00,0.62719,0.62782,0.62695,0.62749,3.0,0.05,
10/11/2022 21:00,0.62675,0.62716,0.62635,0.62715,4.0,0.06,
10/11/2022 20:00,0.62751,0.62778,0.62685,0.62722,-2.9,-0.05,
10/11/2022 19:00,0.62662,0.628,0.62577,0.62749,8.7,0.14,
10/11/2022 18:00,0.63189,0.63201,0.62664,0.62667,-52.2,-0.83,
10/11/2022 17:00,0.63303,0.63321,0.63157,0.63184,-11.9,-0.19,
10/11/2022 16:00,0.63287,0.63461,0.63176,0.63305,1.8,0.03,
10/11/2022 15:00,0.62848,0.63297,0.62841,0.63284,43.6,0.69,
10/11/2022 14:00,0.62721,0.62921,0.62622,0.62851,13.0,0.21,
10/11/2022 13:00,0.6298,0.63003,0.62714,0.62721,-25.9,-0.41,
10/11/2022 12:00,0.62952,0.63134,0.62889,0.6298,2.8,0.04,
10/11/2022 11:00,0.6271,0.6297,0.62697,0.62957,24.7,0.39,
10/11/2022 10:00,0.62663,0.62709,0.62493,0.62709,4.6,0.07,
10/11/2022 09:00,0.62692,0.62801,0.62609,0.62663,-2.9,-0.05,
10/11/2022 08:00,0.62632,0.62856,0.62629,0.62688,5.6,0.09,
10/11/2022 07:00,0.62579,0.62802,0.62547,0.62637,5.8,0.09,
10/11/2022 06:00,0.62637,0.62725,0.62532,0.62577,-6.0,-0.10,
10/11/2022 05:00,0.62503,0.62658,0.62495,0.62642,13.9,0.22,
10/11/2022 04:00,0.62621,0.62663,0.6247,0.625,-12.1,-0.19,
10/11/2022 03:00,0.62649,0.62735,0.62599,0.62623,-2.6,-0.04,
10/11/2022 02:00,0.62726,0.62795,0.62613,0.62649,-7.7,-0.12,
10/11/2022 01:00,0.63007,0.63032,0.62708,0.62728,-27.9,-0.44,
10/11/2022 00:00,0.62961,0.63054,0.62808,0.63009,4.8,0.08,
10/10/2022 23:00,0.62936,0.62988,0.62915,0.62961,2.5,0.04,
10/10/2022 22:00,0.62952,0.63006,0.62932,0.62934,-1.8,-0.03,
10/10/2022 21:00,0.62973,0.62997,0.629,0.62951,-2.2,-0.03,
10/10/2022 20:00,0.62982,0.62998,0.62945,0.62976,-0.6,-0.01,
10/10/2022 19:00,0.62961,0.6306,0.62952,0.62984,2.3,0.04,
10/10/2022 18:00,0.63013,0.63083,0.62951,0.62958,-5.5,-0.09,
10/10/2022 17:00,0.6282,0.63044,0.62767,0.63011,19.1,0.30,
10/10/2022 16:00,0.62926,0.62986,0.62818,0.62821,-10.5,-0.17,
10/10/2022 15:00,0.62846,0.62955,0.62748,0.62927,8.1,0.13,
10/10/2022 14:00,0.63102,0.63205,0.62837,0.62843,-25.9,-0.41,
10/10/2022 13:00,0.63271,0.63292,0.63014,0.63105,-16.6,-0.26,
10/10/2022 12:00,0.63143,0.63286,0.63077,0.63272,12.9,0.20,
10/10/2022 11:00,0.63061,0.63177,0.63009,0.63145,8.4,0.13,
10/10/2022 10:00,0.63181,0.63237,0.6304,0.63057,-12.4,-0.20,
10/10/2022 09:00,0.63009,0.632,0.63009,0.63187,17.8,0.28,
10/10/2022 08:00,0.63091,0.63108,0.62877,0.63007,-8.4,-0.13,
10/10/2022 07:00,0.63178,0.63302,0.63033,0.63094,-8.4,-0.13,
10/10/2022 06:00,0.63239,0.63313,0.63137,0.6318,-5.9,-0.09,
10/10/2022 05:00,0.63336,0.63401,0.63228,0.63239,-9.7,-0.15,
10/10/2022 04:00,0.63475,0.63543,0.6322,0.63332,-14.3,-0.23,
10/10/2022 03:00,0.636,0.63632,0.63427,0.63477,-12.3,-0.19,
10/10/2022 02:00,0.63746,0.63747,0.63574,0.63601,-14.5,-0.23,
10/10/2022 01:00,0.63648,0.638,0.6364,0.63749,10.1,0.16,
10/10/2022 00:00,0.63605,0.63662,0.63506,0.63644,3.9,0.06,
10/09/2022 23:00,0.63455,0.63616,0.63426,0.63608,15.3,0.24,
10/09/2022 22:00,0.63653,0.63668,0.63453,0.63454,-19.9,-0.31,
10/09/2022 21:00,0.63648,0.63674,0.63553,0.6365,0.2,0.00,
10/07/2022 20:00,0.63631,0.63638,0.63577,0.63606,-2.5,-0.04,
10/07/2022 19:00,0.63666,0.63683,0.63539,0.63628,-3.8,-0.06,
10/07/2022 18:00,0.63788,0.63802,0.63666,0.63672,-11.6,-0.18,
10/07/2022 17:00,0.63815,0.63872,0.63747,0.63785,-3.0,-0.05,
10/07/2022 16:00,0.63925,0.63991,0.63727,0.63818,-10.7,-0.17,
10/07/2022 15:00,0.64044,0.64076,0.63852,0.63922,-12.2,-0.19,
10/07/2022 14:00,0.63915,0.64125,0.63791,0.64051,13.6,0.21,
10/07/2022 13:00,0.63852,0.64107,0.63799,0.63913,6.1,0.10,
10/07/2022 12:00,0.64113,0.64206,0.63703,0.63855,-25.8,-0.40,
10/07/2022 11:00,0.64216,0.64288,0.64107,0.64111,-10.5,-0.16,
10/07/2022 10:00,0.64233,0.64282,0.64143,0.64216,-1.7,-0.03,
10/07/2022 09:00,0.64164,0.64287,0.64149,0.64233,6.9,0.11,
10/07/2022 08:00,0.6405,0.64254,0.64028,0.64164,11.4,0.18,
10/07/2022 07:00,0.639,0.64172,0.63891,0.64047,14.7,0.23,
10/07/2022 06:00,0.64151,0.64151,0.63847,0.63899,-25.2,-0.39,
10/07/2022 05:00,0.64031,0.64177,0.64031,0.64152,12.1,0.19,
10/07/2022 04:00,0.64174,0.64214,0.64032,0.64032,-14.2,-0.22,
10/07/2022 03:00,0.64269,0.64304,0.64161,0.64172,-9.7,-0.15,
10/07/2022 02:00,0.64283,0.64324,0.64176,0.64271,-1.2,-0.02,
10/07/2022 01:00,0.64133,0.64281,0.64064,0.64281,14.8,0.23,
10/07/2022 00:00,0.64144,0.64189,0.64049,0.64131,-1.3,-0.02,
10/06/2022 23:00,0.64091,0.64149,0.64061,0.64142,5.1,0.08,
10/06/2022 22:00,0.64124,0.64182,0.64085,0.64091,-3.3,-0.05,
10/06/2022 21:00,0.64049,0.6412,0.64034,0.6411,6.1,0.10,
10/06/2022 20:00,0.64098,0.64138,0.64071,0.64079,-1.9,-0.03,
10/06/2022 19:00,0.64069,0.64137,0.63995,0.64097,2.8,0.04,
10/06/2022 18:00,0.6421,0.64237,0.64026,0.64074,-13.6,-0.21,
10/06/2022 17:00,0.64128,0.64244,0.64124,0.64213,8.5,0.13,
10/06/2022 16:00,0.64101,0.64149,0.63891,0.64122,2.1,0.03,
10/06/2022 15:00,0.64316,0.64354,0.64099,0.64106,-21.0,-0.33,
10/06/2022 14:00,0.64492,0.64494,0.64161,0.64315,-17.7,-0.28,
10/06/2022 13:00,0.64635,0.64679,0.64412,0.6449,-14.5,-0.22,
10/06/2022 12:00,0.6462,0.6482,0.64565,0.64636,1.6,0.02,
10/06/2022 11:00,0.64588,0.64683,0.64535,0.64624,3.6,0.06,
10/06/2022 10:00,0.64651,0.64706,0.64532,0.64589,-6.2,-0.10,
10/06/2022 09:00,0.64786,0.64849,0.64645,0.64645,-14.1,-0.22,
10/06/2022 08:00,0.65032,0.65081,0.64753,0.64791,-24.1,-0.37,
10/06/2022 07:00,0.6503,0.65168,0.64993,0.65026,-0.4,-0.01,
10/06/2022 06:00,0.65267,0.65269,0.65031,0.65037,-23.0,-0.35,
10/06/2022 05:00,0.65352,0.65369,0.65233,0.65269,-8.3,-0.13,
10/06/2022 04:00,0.65259,0.65351,0.65191,0.65349,9.0,0.14,
10/06/2022 03:00,0.65341,0.6541,0.65249,0.65264,-7.7,-0.12,
10/06/2022 02:00,0.65158,0.6537,0.65146,0.65341,18.3,0.28,
10/06/2022 01:00,0.65108,0.65181,0.65026,0.6516,5.2,0.08,
10/06/2022 00:00,0.65123,0.65256,0.6506,0.65112,-1.1,-0.02,
10/05/2022 23:00,0.64947,0.65132,0.64938,0.65122,17.5,0.27,
10/05/2022 22:00,0.64903,0.64987,0.6488,0.64951,4.8,0.07,
10/05/2022 21:00,0.64878,0.64896,0.64857,0.64896,1.8,0.03,
10/05/2022 20:00,0.65003,0.65038,0.6489,0.64906,-9.7,-0.15,
10/05/2022 19:00,0.65041,0.65132,0.64969,0.64998,-4.3,-0.07,
10/05/2022 18:00,0.64766,0.65042,0.64749,0.65037,27.1,0.42,
10/05/2022 17:00,0.64634,0.64852,0.64628,0.64765,13.1,0.20,
10/05/2022 16:00,0.64648,0.64694,0.64578,0.64633,-1.5,-0.02,
10/05/2022 15:00,0.64459,0.6466,0.64386,0.64648,18.9,0.29,
10/05/2022 14:00,0.64469,0.64472,0.64163,0.64458,-1.1,-0.02,
10/05/2022 13:00,0.64543,0.64608,0.64337,0.64497,-4.6,-0.07,
10/05/2022 12:00,0.64401,0.64568,0.64365,0.64544,14.3,0.22,
10/05/2022 11:00,0.64714,0.64733,0.64333,0.64403,-31.1,-0.48,
10/05/2022 10:00,0.64674,0.64713,0.64601,0.64709,3.5,0.05,
10/05/2022 09:00,0.64822,0.64893,0.64652,0.64675,-14.7,-0.23,
10/05/2022 08:00,0.64847,0.64892,0.64704,0.64822,-2.5,-0.04,
10/05/2022 07:00,0.65072,0.65089,0.64825,0.64847,-22.5,-0.35,
10/05/2022 06:00,0.64886,0.6522,0.64882,0.65069,18.3,0.28,
10/05/2022 05:00,0.64856,0.6497,0.64856,0.6488,2.4,0.04,
10/05/2022 04:00,0.64966,0.64978,0.64779,0.64856,-11.0,-0.17,
10/05/2022 03:00,0.64844,0.64971,0.64821,0.64966,12.2,0.19,
10/05/2022 02:00,0.64951,0.65016,0.64727,0.64843,-10.8,-0.17,
10/05/2022 01:00,0.64903,0.65262,0.64898,0.6495,4.7,0.07,
10/05/2022 00:00,0.65133,0.65201,0.64899,0.64906,-22.7,-0.35,
10/04/2022 23:00,0.65061,0.65143,0.65005,0.65133,7.2,0.11,
10/04/2022 22:00,0.65015,0.65076,0.64998,0.65059,4.4,0.07,
10/04/2022 21:00,0.64977,0.65016,0.64977,0.65015,3.8,0.06,
10/04/2022 20:00,0.65028,0.65059,0.64992,0.65027,-0.1,0.00,
10/04/2022 19:00,0.64983,0.65045,0.6488,0.65032,4.9,0.08,
10/04/2022 18:00,0.64766,0.64982,0.6468,0.64979,21.3,0.33,
10/04/2022 17:00,0.64698,0.64769,0.64609,0.64768,7.0,0.11,
10/04/2022 16:00,0.64915,0.65105,0.64661,0.64696,-21.9,-0.34,
10/04/2022 15:00,0.64973,0.65027,0.64818,0.64912,-6.1,-0.09,
10/04/2022 14:00,0.6474,0.65168,0.64737,0.64973,23.3,0.36,
10/04/2022 13:00,0.64823,0.64823,0.64623,0.64741,-8.2,-0.13,
10/04/2022 12:00,0.64583,0.64826,0.64509,0.64816,23.3,0.36,
10/04/2022 11:00,0.64716,0.64736,0.64551,0.64585,-13.1,-0.20,
10/04/2022 10:00,0.64841,0.6492,0.64695,0.64714,-12.7,-0.20,
10/04/2022 09:00,0.65029,0.65045,0.6482,0.64843,-18.6,-0.29,
10/04/2022 08:00,0.65241,0.65247,0.64997,0.65027,-21.4,-0.33,
10/04/2022 07:00,0.65409,0.65452,0.65218,0.65244,-16.5,-0.25,
10/04/2022 06:00,0.64945,0.65472,0.64877,0.65408,46.3,0.71,
10/04/2022 05:00,0.64737,0.64957,0.64647,0.64945,20.8,0.32,
10/04/2022 04:00,0.64898,0.64898,0.64542,0.64734,-16.4,-0.25,
10/04/2022 03:00,0.65007,0.6511,0.64504,0.64898,-10.9,-0.17,
10/04/2022 02:00,0.64911,0.65038,0.64873,0.65008,9.7,0.15,
10/04/2022 01:00,0.64992,0.65123,0.64907,0.64908,-8.4,-0.13,
10/04/2022 00:00,0.65026,0.65073,0.64964,0.64991,-3.5,-0.05,
10/03/2022 23:00,0.65033,0.65176,0.65008,0.65028,-0.5,-0.01,
10/03/2022 22:00,0.65122,0.65157,0.65005,0.65033,-8.9,-0.14,
10/03/2022 21:00,0.65152,0.65169,0.65098,0.65123,-2.9,-0.04,
10/03/2022 20:00,0.65145,0.65174,0.65132,0.6515,0.5,0.01,
10/03/2022 19:00,0.65166,0.65168,0.65053,0.65148,-1.8,-0.03,
10/03/2022 18:00,0.65037,0.65221,0.65027,0.65167,13.0,0.20,
10/03/2022 17:00,0.65075,0.65109,0.65008,0.65036,-3.9,-0.06,
10/03/2022 16:00,0.64999,0.65095,0.64972,0.65077,7.8,0.12,
10/03/2022 15:00,0.64982,0.65171,0.64976,0.64998,1.6,0.02,
10/03/2022 14:00,0.64729,0.651,0.64729,0.6498,25.1,0.39,
10/03/2022 13:00,0.64662,0.64881,0.64631,0.64723,6.1,0.09,
10/03/2022 12:00,0.64581,0.64796,0.64518,0.64664,8.3,0.13,
10/03/2022 11:00,0.64482,0.64584,0.64461,0.64582,10.0,0.15,
10/03/2022 10:00,0.64438,0.6451,0.64384,0.64479,4.1,0.06,
10/03/2022 09:00,0.64489,0.64491,0.64357,0.64438,-5.1,-0.08,
10/03/2022 08:00,0.64478,0.64542,0.64379,0.6449,1.2,0.02,
10/03/2022 07:00,0.64342,0.64488,0.64251,0.64478,13.6,0.21,
10/03/2022 06:00,0.64536,0.64558,0.64242,0.64341,-19.5,-0.30,
10/03/2022 05:00,0.64273,0.64599,0.64235,0.64538,26.5,0.41,
10/03/2022 04:00,0.643,0.64336,0.64196,0.64273,-2.7,-0.04,
10/03/2022 03:00,0.64309,0.64367,0.64267,0.643,-0.9,-0.01,
10/03/2022 02:00,0.64463,0.64467,0.6431,0.6431,-15.3,-0.24,
10/03/2022 01:00,0.64228,0.64492,0.64228,0.64465,23.7,0.37,
10/03/2022 00:00,0.64197,0.64252,0.64112,0.64222,2.5,0.04,
10/02/2022 23:00,0.64166,0.64272,0.64132,0.642,3.4,0.05,
10/02/2022 22:00,0.63984,0.64281,0.63984,0.64163,17.9,0.28,
10/02/2022 21:00,0.64003,0.64095,0.63982,0.6399,-1.3,-0.02,
09/30/2022 20:00,0.63964,0.64015,0.63913,0.63988,2.4,0.04,
09/30/2022 19:00,0.64073,0.64139,0.63912,0.63961,-11.2,-0.18,
09/30/2022 18:00,0.64198,0.6424,0.64045,0.64075,-12.3,-0.19,
09/30/2022 17:00,0.64299,0.64345,0.64178,0.64197,-10.2,-0.16,
09/30/2022 16:00,0.64357,0.6436,0.64183,0.64302,-5.5,-0.09,
09/30/2022 15:00,0.6429,0.64513,0.64242,0.64355,6.5,0.10,
09/30/2022 14:00,0.64808,0.64854,0.64248,0.64288,-52.0,-0.81,
09/30/2022 13:00,0.64761,0.64857,0.64672,0.64787,2.6,0.04,
09/30/2022 12:00,0.64644,0.64888,0.64508,0.64764,12.0,0.19,
09/30/2022 11:00,0.64718,0.64739,0.64602,0.64645,-7.3,-0.11,
09/30/2022 10:00,0.64909,0.65015,0.6467,0.64714,-19.5,-0.30,
09/30/2022 09:00,0.6514,0.65146,0.64908,0.64914,-22.6,-0.35,
09/30/2022 08:00,0.65019,0.65237,0.65019,0.65134,11.5,0.18,
09/30/2022 07:00,0.64854,0.65097,0.64854,0.65021,16.7,0.26,
09/30/2022 06:00,0.65006,0.65042,0.64763,0.64854,-15.2,-0.23,
09/30/2022 05:00,0.64815,0.65029,0.64807,0.65005,19.0,0.29,
09/30/2022 04:00,0.64842,0.64884,0.64786,0.64813,-2.9,-0.04,
09/30/2022 03:00,0.64967,0.65001,0.64842,0.64846,-12.1,-0.19,
09/30/2022 02:00,0.64968,0.65038,0.64817,0.64963,-0.5,-0.01,
09/30/2022 01:00,0.65071,0.651,0.64914,0.64965,-10.6,-0.16,
09/30/2022 00:00,0.65081,0.65126,0.64947,0.65071,-1.0,-0.02,
09/29/2022 23:00,0.65028,0.65169,0.65011,0.65084,5.6,0.09,
09/29/2022 22:00,0.64988,0.65183,0.64982,0.65022,3.4,0.05,
09/29/2022 21:00,0.6497,0.64993,0.64825,0.6499,2,0.03,
09/29/2022 20:00,0.64952,0.64998,0.64902,0.64989,3.7,0.06,
09/29/2022 19:00,0.64756,0.64984,0.64746,0.64956,20.0,0.31,
09/29/2022 18:00,0.64684,0.64808,0.64642,0.64749,6.5,0.10,
09/29/2022 17:00,0.64803,0.64877,0.64663,0.64683,-12.0,-0.19,
09/29/2022 16:00,0.64886,0.65017,0.64796,0.64801,-8.5,-0.13,
09/29/2022 15:00,0.64747,0.64963,0.647,0.64886,13.9,0.21,
09/29/2022 14:00,0.64756,0.64794,0.64479,0.64742,-1.4,-0.02,
09/29/2022 13:00,0.64622,0.6493,0.64614,0.6476,13.8,0.21,
09/29/2022 12:00,0.6487,0.64883,0.64594,0.6462,-25,-0.39,
09/29/2022 11:00,0.64694,0.65027,0.64684,0.64865,17.1,0.26,
09/29/2022 10:00,0.64703,0.64737,0.64592,0.64696,-0.7,-0.01,
09/29/2022 09:00,0.64525,0.6479,0.64524,0.64704,17.9,0.28,
09/29/2022 08:00,0.64474,0.6458,0.64404,0.64524,5.0,0.08,
09/29/2022 07:00,0.64663,0.64682,0.64358,0.64477,-18.6,-0.29,
09/29/2022 06:00,0.64648,0.64702,0.64533,0.64658,1.0,0.02,
09/29/2022 05:00,0.64899,0.64933,0.6463,0.64651,-24.8,-0.38,
09/29/2022 04:00,0.64867,0.64936,0.64819,0.64896,2.9,0.04,
09/29/2022 03:00,0.64755,0.64883,0.6472,0.64865,11.0,0.17,
09/29/2022 02:00,0.64868,0.64909,0.64708,0.64757,-11.1,-0.17,
09/29/2022 01:00,0.64893,0.65046,0.6486,0.6487,-2.3,-0.04,
09/29/2022 00:00,0.65026,0.6508,0.64876,0.64892,-13.4,-0.21,
09/28/2022 23:00,0.65101,0.65148,0.65023,0.65027,-7.4,-0.11,
09/28/2022 22:00,0.65188,0.65209,0.65095,0.65096,-9.2,-0.14,
09/28/2022 21:00,0.65215,0.65245,0.6514,0.65201,-1.4,-0.02,
09/28/2022 20:00,0.65172,0.65238,0.65123,0.65238,6.6,0.10,
09/28/2022 19:00,0.65261,0.65274,0.65133,0.65167,-9.4,-0.14,
09/28/2022 18:00,0.65179,0.653,0.65136,0.65266,8.7,0.13,
09/28/2022 17:00,0.65136,0.65307,0.65113,0.65178,4.2,0.06,
09/28/2022 16:00,0.65111,0.65225,0.65022,0.65139,2.8,0.04,
09/28/2022 15:00,0.64752,0.6512,0.6472,0.65107,35.5,0.55,
09/28/2022 14:00,0.64496,0.64859,0.64459,0.64756,26.0,0.40,
09/28/2022 13:00,0.64259,0.64674,0.64206,0.64489,23.0,0.36,
09/28/2022 12:00,0.64032,0.64326,0.6403,0.64262,23.0,0.36,
09/28/2022 11:00,0.64148,0.64156,0.63899,0.64035,-11.3,-0.18,
09/28/2022 10:00,0.63783,0.64435,0.63763,0.64144,36.1,0.56,
09/28/2022 09:00,0.63879,0.63903,0.63647,0.63789,-9.0,-0.14,
09/28/2022 08:00,0.63925,0.63988,0.63798,0.63877,-4.8,-0.08,
09/28/2022 07:00,0.63641,0.63994,0.63641,0.63922,28.1,0.44,
09/28/2022 06:00,0.6385,0.64026,0.63629,0.63637,-21.3,-0.33,
09/28/2022 05:00,0.63855,0.63956,0.63767,0.63846,-0.9,-0.01,
09/28/2022 04:00,0.63993,0.63999,0.63804,0.6386,-13.3,-0.21,
09/28/2022 03:00,0.63975,0.64112,0.63973,0.63991,1.6,0.03,
09/28/2022 02:00,0.64058,0.64077,0.63886,0.63972,-8.6,-0.13,
09/28/2022 01:00,0.64347,0.64392,0.64023,0.64064,-28.3,-0.44,
09/28/2022 00:00,0.6434,0.64445,0.64273,0.64346,0.6,0.01,
09/27/2022 23:00,0.64285,0.64371,0.64241,0.64343,5.8,0.09,
09/27/2022 22:00,0.64321,0.64393,0.64282,0.64282,-3.9,-0.06,
09/27/2022 21:00,0.64271,0.64323,0.64249,0.64323,5.2,0.08,
09/27/2022 20:00,0.64293,0.64364,0.64279,0.64345,5.2,0.08,
09/27/2022 19:00,0.64346,0.64346,0.64217,0.64293,-5.3,-0.08,
09/27/2022 18:00,0.64211,0.64355,0.64183,0.64344,13.3,0.21,
09/27/2022 17:00,0.64227,0.64238,0.64146,0.64214,-1.3,-0.02,
09/27/2022 16:00,0.64439,0.6446,0.6414,0.64229,-21.0,-0.33,
09/27/2022 15:00,0.64622,0.6468,0.64405,0.64435,-18.7,-0.29,
09/27/2022 14:00,0.64691,0.64701,0.64496,0.64625,-6.6,-0.10,
09/27/2022 13:00,0.64695,0.64857,0.64623,0.64692,-0.3,0.00,
09/27/2022 12:00,0.64886,0.64941,0.64685,0.64698,-18.8,-0.29,
09/27/2022 11:00,0.64906,0.64988,0.64882,0.64884,-2.2,-0.03,
09/27/2022 10:00,0.64778,0.65002,0.64761,0.6491,13.2,0.20,
09/27/2022 09:00,0.64873,0.649,0.64743,0.64776,-9.7,-0.15,
09/27/2022 08:00,0.64919,0.6494,0.64758,0.64875,-4.4,-0.07,
09/27/2022 07:00,0.64953,0.65064,0.64906,0.64921,-3.2,-0.05,
09/27/2022 06:00,0.65012,0.65124,0.6492,0.6495,-6.2,-0.10,
09/27/2022 05:00,0.64848,0.65044,0.64765,0.65018,17.0,0.26,
09/27/2022 04:00,0.64803,0.64903,0.64803,0.64846,4.3,0.07,
09/27/2022 03:00,0.64834,0.64852,0.64726,0.64806,-2.8,-0.04,
09/27/2022 02:00,0.64826,0.64857,0.64755,0.64834,0.8,0.01,
09/27/2022 01:00,0.64914,0.64947,0.64795,0.64822,-9.2,-0.14,
09/27/2022 00:00,0.64712,0.64932,0.64701,0.64911,19.9,0.31,
09/26/2022 23:00,0.64565,0.64736,0.64565,0.64712,14.7,0.23,
09/26/2022 22:00,0.64543,0.64619,0.64525,0.64568,2.5,0.04,
09/26/2022 21:00,0.64535,0.6455,0.64473,0.64537,0.2,0.00,
09/26/2022 20:00,0.64595,0.64631,0.64541,0.64541,-5.4,-0.08,
09/26/2022 19:00,0.64542,0.64717,0.64542,0.64591,4.9,0.08,
09/26/2022 18:00,0.64392,0.64623,0.64382,0.64543,15.1,0.23,
09/26/2022 17:00,0.64533,0.64538,0.64373,0.6439,-14.3,-0.22,
09/26/2022 16:00,0.64639,0.64662,0.64427,0.64534,-10.5,-0.16,
09/26/2022 15:00,0.64913,0.65012,0.64569,0.64642,-27.1,-0.42,
09/26/2022 14:00,0.65191,0.65213,0.64872,0.64907,-28.4,-0.44,
09/26/2022 13:00,0.65105,0.65235,0.64962,0.65189,8.4,0.13,
09/26/2022 12:00,0.64899,0.65193,0.64857,0.6511,21.1,0.32,
09/26/2022 11:00,0.64927,0.65017,0.64862,0.64895,-3.2,-0.05,
